{"cameraMode":{"drawMode":0,"name":"Shaded","section":"Shading Mode"},"sceneLighting":false,"audioPlay":false,"sceneViewState":{"m_AlwaysRefresh":false,"showFog":true,"showSkybox":false,"showFlares":true,"showImageEffects":true,"showParticleSystems":true,"showVisualEffectGraphs":true,"m_FxEnabled":true},"in2DMode":false,"pivot":{"x":0.9692926406860352,"y":0.16916173696517945,"z":0.7837525606155396},"rotation":{"x":-0.012985325418412686,"y":-0.9412840604782105,"z":-0.03643803671002388,"w":0.3353980779647827},"size":0.8214403986930847,"orthographic":false}