{"cameraMode":{"drawMode":0,"name":"Shaded","section":"Shading Mode"},"sceneLighting":true,"audioPlay":false,"sceneViewState":{"m_AlwaysRefresh":false,"showFog":true,"showSkybox":true,"showFlares":true,"showImageEffects":true,"showParticleSystems":true,"showVisualEffectGraphs":true,"m_FxEnabled":true},"in2DMode":false,"pivot":{"x":-3.691406726837158,"y":3.221623420715332,"z":0.7473115921020508},"rotation":{"x":0.023094257339835168,"y":-0.9669770002365112,"z":0.23541401326656342,"w":0.09486760199069977},"size":8.253902435302735,"orthographic":false}