{"cameraMode":{"drawMode":0,"name":"Shaded","section":"Shading Mode"},"sceneLighting":true,"audioPlay":false,"sceneViewState":{"m_AlwaysRefresh":false,"showFog":true,"showSkybox":true,"showFlares":true,"showImageEffects":true,"showParticleSystems":true,"showVisualEffectGraphs":true,"m_FxEnabled":true},"in2DMode":false,"pivot":{"x":1.7266077995300294,"y":-1.4198942184448243,"z":-0.11608362197875977},"rotation":{"x":0.021744530647993089,"y":-0.9672179818153381,"z":0.2370099425315857,"w":0.08872516453266144},"size":4.807550430297852,"orthographic":false}