{"cameraMode":{"drawMode":0,"name":"Shaded","section":"Shading Mode"},"sceneLighting":true,"audioPlay":false,"sceneViewState":{"m_AlwaysRefresh":false,"showFog":true,"showSkybox":true,"showFlares":true,"showImageEffects":true,"showParticleSystems":true,"showVisualEffectGraphs":true,"m_FxEnabled":true},"in2DMode":false,"pivot":{"x":0.32764387130737307,"y":1.6247656345367432,"z":0.7254266738891602},"rotation":{"x":-0.05126960948109627,"y":-0.9484202861785889,"z":0.20841097831726075,"w":-0.23330675065517426},"size":4.549519062042236,"orthographic":false}